Time,State
2018-06-22 10:11:17.756168,1
2018-06-22 10:11:27.766545,1
2018-06-22 10:11:37.776884,1
2018-06-22 10:11:47.787226,1
2018-06-22 10:11:57.797559,1
2018-06-22 10:12:07.807889,1
2018-06-22 10:12:17.809576,1
2018-06-22 10:12:27.819904,1
2018-06-22 10:12:37.830236,1
2018-06-22 10:12:47.840576,1
2018-06-22 10:12:57.850997,1
2018-06-22 10:13:07.861338,1
2018-06-22 10:13:17.871685,1
2018-06-22 10:13:27.882032,1
2018-06-22 10:13:37.892374,1
2018-06-22 10:13:47.902715,1
2018-06-22 10:13:57.913060,1
2018-06-22 10:14:07.923390,1
2018-06-22 10:14:17.933729,1
2018-06-22 10:14:27.944076,1
2018-06-22 10:14:37.954428,1
2018-06-22 10:14:47.964759,1
2018-06-22 10:14:57.975108,1
2018-06-22 10:15:07.985449,1
2018-06-22 10:15:17.995789,1
2018-06-22 10:15:28.006126,1
2018-06-22 10:15:38.011091,1
2018-06-22 10:15:48.021433,1
2018-06-22 10:15:58.031769,1
2018-06-22 10:16:08.042113,1
2018-06-22 10:16:18.052460,1
2018-06-22 10:16:28.062794,1
2018-06-22 10:16:38.073128,1
2018-06-22 10:16:48.083464,1
2018-06-22 10:16:58.093808,1
2018-06-22 10:17:08.104148,1
2018-06-22 10:17:18.114483,1
2018-06-22 10:17:28.124822,1
2018-06-22 10:17:38.135158,1
2018-06-22 10:17:48.145494,1
2018-06-22 10:17:58.155839,1
2018-06-22 10:18:08.166178,1
2018-06-22 10:18:18.176533,1
2018-06-22 10:18:28.186876,1
2018-06-22 10:18:38.190436,1
2018-06-22 10:18:48.200840,1
2018-06-22 10:18:58.211196,1
2018-06-22 10:19:08.221551,1
2018-06-22 10:19:18.231898,1
2018-06-22 10:19:28.242242,1
2018-06-22 10:19:38.252608,1
2018-06-22 10:19:48.262953,1
2018-06-22 10:19:58.273281,1
2018-06-22 10:20:08.283612,1
2018-06-22 10:20:18.293946,1
2018-06-22 10:20:28.304269,1
2018-06-22 10:20:38.314601,1
2018-06-22 10:20:48.324932,1
2018-06-22 10:20:58.335260,1
2018-06-22 10:21:08.345604,1
2018-06-22 10:21:18.355934,1
2018-06-22 10:21:28.360899,1
2018-06-22 10:21:38.362238,1
2018-06-22 10:21:48.372580,1
2018-06-22 10:21:58.382917,1
2018-06-22 10:22:08.393251,1
2018-06-22 10:22:18.403597,1
2018-06-22 10:22:28.413939,1
2018-06-22 10:22:38.424260,1
2018-06-22 10:22:48.434590,1
2018-06-22 10:22:58.444935,1
2018-06-22 10:23:08.455266,1
2018-06-22 10:23:18.465595,1
2018-06-22 10:23:28.475941,1
2018-06-22 10:23:38.486277,1
2018-06-22 10:23:48.496617,1
2018-06-22 10:23:58.506961,1
2018-06-22 10:24:08.517290,1
2018-06-22 10:24:18.527623,1
2018-06-22 10:24:28.537960,1
2018-06-22 10:24:38.548292,1
2018-06-22 10:24:48.558635,1
2018-06-22 10:24:58.560201,1
2018-06-22 10:25:08.570541,1
2018-06-22 10:25:18.580963,1
2018-06-22 10:25:28.591305,1
2018-06-22 10:25:38.601654,1
2018-06-22 10:25:48.612000,1
2018-06-22 10:25:58.622345,1
2018-06-22 10:26:08.632695,1
2018-06-22 10:26:18.643038,1
2018-06-22 10:26:28.653373,1
2018-06-22 10:26:38.663715,1
2018-06-22 10:26:48.674054,1
2018-06-22 10:26:58.684398,1
2018-06-22 10:27:08.694734,1
2018-06-22 10:27:18.705073,1
2018-06-22 10:27:28.715413,1
2018-06-22 10:27:38.725758,1
2018-06-22 10:27:48.736101,1
2018-06-22 10:27:58.746449,1
2018-06-22 10:28:08.756788,1
2018-06-22 10:28:18.767127,1
2018-06-22 10:28:28.769996,1
2018-06-22 10:28:38.780344,1
2018-06-22 10:28:48.790687,1
2018-06-22 10:28:58.801105,1
2018-06-22 10:29:08.811450,1
2018-06-22 10:29:18.820915,1
2018-06-22 10:29:28.830932,1
2018-06-22 10:29:38.841275,1
2018-06-22 10:29:48.851618,1
2018-06-22 10:29:58.861957,1
2018-06-22 10:30:08.872293,1
2018-06-22 10:30:18.882629,1
2018-06-22 10:30:28.892975,1
2018-06-22 10:30:38.903310,1
2018-06-22 10:30:48.913647,1
2018-06-22 10:30:58.923986,1
2018-06-22 10:31:08.934323,1
2018-06-22 10:31:18.944661,1
2018-06-22 10:31:28.955003,1
2018-06-22 10:31:38.965335,1
2018-06-22 10:31:48.975664,1
2018-06-22 10:31:58.979751,1
2018-06-22 10:32:08.990086,1
2018-06-22 10:32:19.000419,1
2018-06-22 10:32:29.010754,1
2018-06-22 10:32:39.021147,1
2018-06-22 10:32:49.031480,1
2018-06-22 10:32:59.041811,1
2018-06-22 10:33:09.052143,1
2018-06-22 10:33:19.062486,1
2018-06-22 10:33:29.072829,1
2018-06-22 10:33:39.083162,1
2018-06-22 10:33:49.093490,1
2018-06-22 10:33:59.103822,1
2018-06-22 10:34:09.114381,1
2018-06-22 10:34:19.124722,1
2018-06-22 10:34:29.135060,1
2018-06-22 10:34:39.145400,1
2018-06-22 10:34:49.155732,1
2018-06-22 10:34:59.166063,1
2018-06-22 10:35:09.176391,1
2018-06-22 10:35:19.186730,1
2018-06-22 10:35:29.189603,1
2018-06-22 10:35:39.199944,1
2018-06-22 10:35:49.210283,1
2018-06-22 10:35:59.220624,1
2018-06-22 10:36:09.231062,1
2018-06-22 10:36:19.241413,1
2018-06-22 10:36:29.250873,1
2018-06-22 10:36:39.261216,1
2018-06-22 10:36:49.271566,1
2018-06-22 10:36:59.281912,1
2018-06-22 10:37:09.292264,1
2018-06-22 10:37:19.302617,1
2018-06-22 10:37:29.312961,1
2018-06-22 10:37:39.323304,1
2018-06-22 10:37:49.333646,1
2018-06-22 10:37:59.343998,1
2018-06-22 10:38:09.354354,1
2018-06-22 10:38:19.360906,1
2018-06-22 10:38:29.371260,1
2018-06-22 10:38:39.381612,1
2018-06-22 10:38:49.384875,1
2018-06-22 10:38:59.395225,1
2018-06-22 10:39:09.405574,1
2018-06-22 10:39:19.415930,1
2018-06-22 10:39:29.426302,1
2018-06-22 10:39:39.436648,1
2018-06-22 10:39:49.447000,1
2018-06-22 10:39:59.457344,1
2018-06-22 10:40:09.467698,1
2018-06-22 10:40:19.478046,1
2018-06-22 10:40:29.488389,1
2018-06-22 10:40:39.498737,1
2018-06-22 10:40:49.509081,1
2018-06-22 10:40:59.519423,1
2018-06-22 10:41:09.529770,1
2018-06-22 10:41:19.540122,1
2018-06-22 10:41:29.550472,1
2018-06-22 10:41:39.560869,1
2018-06-22 10:41:49.571225,1
2018-06-22 10:41:59.575448,1
2018-06-22 10:42:09.579223,1
2018-06-22 10:42:19.589574,1
2018-06-22 10:42:29.592182,1
2018-06-22 10:42:39.602545,1
2018-06-22 10:42:49.612902,1
2018-06-22 10:42:59.623249,1
2018-06-22 10:43:09.633598,1
2018-06-22 10:43:19.643946,1
2018-06-22 10:43:29.654290,1
2018-06-22 10:43:39.664629,1
2018-06-22 10:43:49.674965,1
2018-06-22 10:43:59.685307,1
2018-06-22 10:44:09.695646,1
2018-06-22 10:44:19.705985,1
2018-06-22 10:44:29.716334,1
2018-06-22 10:44:39.726685,1
2018-06-22 10:44:49.737022,1
2018-06-22 10:44:59.747359,1
2018-06-22 10:45:09.757706,1
2018-06-22 10:45:19.761692,1
2018-06-22 10:45:29.772037,1
2018-06-22 10:45:39.782393,1
2018-06-22 10:45:49.792730,1
2018-06-22 10:45:59.803072,1
2018-06-22 10:46:09.813428,1
2018-06-22 10:46:19.823776,1
2018-06-22 10:46:29.834123,1
2018-06-22 10:46:39.844469,1
2018-06-22 10:46:49.854815,1
2018-06-22 10:46:59.865158,1
2018-06-22 10:47:09.875492,1
2018-06-22 10:47:19.885828,1
2018-06-22 10:47:29.896163,1
2018-06-22 10:47:39.906498,1
2018-06-22 10:47:49.916837,1
2018-06-22 10:47:59.927171,1
2018-06-22 10:48:09.937505,1
2018-06-22 10:48:19.947846,1
2018-06-22 10:48:29.958181,1
2018-06-22 10:48:39.968522,1
2018-06-22 10:48:49.978855,1
2018-06-22 10:48:59.989189,1
2018-06-22 10:49:09.999526,1
2018-06-22 10:49:20.009861,1
2018-06-22 10:49:30.020193,1
2018-06-22 10:49:40.030530,1
2018-06-22 10:49:50.040895,1
2018-06-22 10:50:00.050904,1
2018-06-22 10:50:10.060968,1
2018-06-22 10:50:20.067569,1
2018-06-22 10:50:30.077921,1
2018-06-22 10:50:40.088268,1
2018-06-22 10:50:50.098611,1
2018-06-22 10:51:00.108955,1
2018-06-22 10:51:10.119304,1
2018-06-22 10:51:20.129657,1
2018-06-22 10:51:30.140002,1
2018-06-22 10:51:40.150346,1
2018-06-22 10:51:50.160690,1
2018-06-22 10:52:00.171113,1
2018-06-22 10:52:10.181463,1
2018-06-22 10:52:20.191816,1
2018-06-22 10:52:30.202165,1
2018-06-22 10:52:40.212525,1
2018-06-22 10:52:50.222878,1
2018-06-22 10:53:00.233227,1
2018-06-22 10:53:10.243575,1
2018-06-22 10:53:20.253927,1
2018-06-22 10:53:30.264275,1
2018-06-22 10:53:40.274617,1
2018-06-22 10:53:50.284959,1
2018-06-22 10:54:00.295304,1
2018-06-22 10:54:10.305643,1
2018-06-22 10:54:20.315987,1
2018-06-22 10:54:30.326331,1
2018-06-22 10:54:40.336680,1
2018-06-22 10:54:50.347026,1
2018-06-22 10:55:00.357379,1
2018-06-22 10:55:10.360904,1
2018-06-22 10:55:20.371252,1
2018-06-22 10:55:30.381604,1
2018-06-22 10:55:40.391951,1
2018-06-22 10:55:50.402311,1
2018-06-22 10:56:00.412664,1
2018-06-22 10:56:10.423010,1
2018-06-22 10:56:20.433357,1
2018-06-22 10:56:30.443709,1
2018-06-22 10:56:40.454067,1
2018-06-22 10:56:50.464636,1
2018-06-22 10:57:00.474983,1
2018-06-22 10:57:10.485339,1
2018-06-22 10:57:20.495692,1
2018-06-22 10:57:30.506036,1
2018-06-22 10:57:40.516386,1
2018-06-22 10:57:50.526736,1
2018-06-22 10:58:00.537089,1
2018-06-22 10:58:10.547442,1
2018-06-22 10:58:20.557791,1
2018-06-22 10:58:30.568137,1
2018-06-22 10:58:40.578487,1
2018-06-22 10:58:50.588838,1
2018-06-22 10:59:00.599182,1
2018-06-22 10:59:10.609526,1
2018-06-22 10:59:20.619871,1
2018-06-22 10:59:30.630222,1
2018-06-22 10:59:40.640573,1
2018-06-22 10:59:50.651020,1
2018-06-22 11:00:00.661376,1
2018-06-22 11:00:10.671726,1
2018-06-22 11:00:20.682084,1
2018-06-22 11:00:30.692435,1
2018-06-22 11:00:40.702781,1
2018-06-22 11:00:50.713123,1
2018-06-22 11:01:00.723463,1
2018-06-22 11:01:10.733817,1
2018-06-22 11:01:20.744168,1
2018-06-22 11:01:30.754495,1
2018-06-22 11:01:40.764842,1
2018-06-22 11:01:50.775188,1
2018-06-22 11:02:00.785520,1
2018-06-22 11:02:10.795873,1
2018-06-22 11:02:20.806224,1
2018-06-22 11:02:30.816554,1
2018-06-22 11:02:40.826896,1
2018-06-22 11:02:50.837236,1
2018-06-22 11:03:00.847571,1
2018-06-22 11:03:10.857917,1
2018-06-22 11:03:20.868256,1
2018-06-22 11:03:30.878598,1
2018-06-22 11:03:40.888938,1
2018-06-22 11:03:50.899274,1
2018-06-22 11:04:00.909614,1
2018-06-22 11:04:10.919961,1
2018-06-22 11:04:20.930303,1
2018-06-22 11:04:30.940646,1
2018-06-22 11:04:40.951068,1
2018-06-22 11:04:50.961420,1
2018-06-22 11:05:00.971770,1
2018-06-22 11:05:10.982120,1
2018-06-22 11:05:20.992475,1
2018-06-22 11:05:31.002836,1
2018-06-22 11:05:41.013179,1
2018-06-22 11:05:51.023522,1
2018-06-22 11:06:01.033859,1
2018-06-22 11:06:11.044213,1
2018-06-22 11:06:21.054562,1
2018-06-22 11:06:31.064912,1
2018-06-22 11:06:41.070884,1
2018-06-22 11:06:51.081210,1
2018-06-22 11:07:01.091553,1
2018-06-22 11:07:11.101909,1
2018-06-22 11:07:21.112264,1
2018-06-22 11:07:31.122625,1
2018-06-22 11:07:41.132989,1
2018-06-22 11:07:51.143349,1
2018-06-22 11:08:01.153716,1
2018-06-22 11:08:11.164058,1
2018-06-22 11:08:21.174402,1
2018-06-22 11:08:31.184741,1
2018-06-22 11:08:41.195086,1
2018-06-22 11:08:51.205428,1
2018-06-22 11:09:01.215766,1
2018-06-22 11:09:11.226113,1
2018-06-22 11:09:21.236461,1
2018-06-22 11:09:31.246809,1
2018-06-22 11:09:41.257158,1
2018-06-22 11:09:51.267507,1
2018-06-22 11:10:01.277860,1
2018-06-22 11:10:11.288202,1
2018-06-22 11:10:21.298548,1
2018-06-22 11:10:31.308892,1
2018-06-22 11:10:41.319244,1
2018-06-22 11:10:51.329597,1
2018-06-22 11:11:01.339950,1
2018-06-22 11:11:11.350270,1
2018-06-22 11:11:21.360624,1
2018-06-22 11:11:31.371059,1
2018-06-22 11:11:41.381413,1
2018-06-22 11:11:51.390891,1
2018-06-22 11:12:01.400914,1
2018-06-22 11:12:11.405247,1
2018-06-22 11:12:21.415593,1
2018-06-22 11:12:31.425925,1
2018-06-22 11:12:41.436267,1
2018-06-22 11:12:51.446610,1
2018-06-22 11:13:01.456954,1
2018-06-22 11:13:11.467270,1
2018-06-22 11:13:21.477612,1
2018-06-22 11:13:31.487950,1
2018-06-22 11:13:41.498290,1
2018-06-22 11:13:51.508627,1
2018-06-22 11:14:01.518968,1
2018-06-22 11:14:11.529278,1
2018-06-22 11:14:21.539617,1
2018-06-22 11:14:31.549950,1
2018-06-22 11:14:41.560291,1
2018-06-22 11:14:51.570630,1
2018-06-22 11:15:01.581036,1
2018-06-22 11:15:11.591375,1
2018-06-22 11:15:21.601719,1
2018-06-22 11:15:31.612068,1
2018-06-22 11:15:41.622404,1
2018-06-22 11:15:51.632745,1
2018-06-22 11:16:01.643090,1
2018-06-22 11:16:11.653421,1
2018-06-22 11:16:21.663756,1
2018-06-22 11:16:31.674090,1
2018-06-22 11:16:41.684426,1
2018-06-22 11:16:51.694761,1
2018-06-22 11:17:01.705098,1
2018-06-22 11:17:11.715434,1
2018-06-22 11:17:21.725770,1
2018-06-22 11:17:31.736102,1
2018-06-22 11:17:41.746432,1
2018-06-22 11:17:51.756767,1
2018-06-22 11:18:01.767104,1
2018-06-22 11:18:11.777441,1
2018-06-22 11:18:21.787777,1
2018-06-22 11:18:31.798110,1
2018-06-22 11:18:41.808449,1
2018-06-22 11:18:51.818781,1
2018-06-22 11:19:01.829112,1
2018-06-22 11:19:11.839443,1
2018-06-22 11:19:21.849786,1
2018-06-22 11:19:31.860127,1
2018-06-22 11:19:41.870660,1
2018-06-22 11:19:51.881086,1
2018-06-22 11:20:01.891422,1
2018-06-22 11:20:11.901721,1
2018-06-22 11:20:21.912070,1
2018-06-22 11:20:31.922410,1
2018-06-22 11:20:41.932766,1
2018-06-22 11:20:51.943099,1
2018-06-22 11:21:01.953444,1
2018-06-22 11:21:11.963753,1
2018-06-22 11:21:21.974109,1
2018-06-22 11:21:31.984459,1
2018-06-22 11:21:41.994812,1
2018-06-22 11:21:52.005154,1
2018-06-22 11:22:02.015496,1
2018-06-22 11:22:12.025836,1
2018-06-22 11:22:22.036182,1
2018-06-22 11:22:32.046526,1
2018-06-22 11:22:42.048996,1
2018-06-22 11:22:52.051111,1
2018-06-22 11:23:02.061463,1
2018-06-22 11:23:12.071782,1
2018-06-22 11:23:22.082144,1
2018-06-22 11:23:32.092493,1
2018-06-22 11:23:42.102845,1
2018-06-22 11:23:52.113194,1
2018-06-22 11:24:02.123535,1
2018-06-22 11:24:12.133872,1
2018-06-22 11:24:22.144207,1
2018-06-22 11:24:32.154544,1
2018-06-22 11:24:42.164886,1
2018-06-22 11:24:52.175223,1
2018-06-22 11:25:02.185562,1
2018-06-22 11:25:12.195899,1
2018-06-22 11:25:22.206257,1
2018-06-22 11:25:32.216607,1
2018-06-22 11:25:42.226957,1
2018-06-22 11:25:52.237287,1
2018-06-22 11:26:02.247626,1
2018-06-22 11:26:12.257960,1
2018-06-22 11:26:22.262555,1
2018-06-22 11:26:32.272892,1
2018-06-22 11:26:42.283241,1
2018-06-22 11:26:52.293581,1
2018-06-22 11:27:02.303929,1
2018-06-22 11:27:12.314277,1
2018-06-22 11:27:22.324626,1
2018-06-22 11:27:32.334978,1
2018-06-22 11:27:42.345336,1
2018-06-22 11:27:52.355683,1
2018-06-22 11:28:02.360903,1
2018-06-22 11:28:12.371268,1
2018-06-22 11:28:22.381610,1
2018-06-22 11:28:32.391948,1
2018-06-22 11:28:42.402291,1
2018-06-22 11:28:52.412637,1
2018-06-22 11:29:02.422976,1
2018-06-22 11:29:12.433324,1
2018-06-22 11:29:22.443670,1
2018-06-22 11:29:32.445921,1
2018-06-22 11:29:42.456268,1
2018-06-22 11:29:52.466610,1
2018-06-22 11:30:02.476953,1
2018-06-22 11:30:12.487294,1
2018-06-22 11:30:22.497643,1
2018-06-22 11:30:32.507987,1
2018-06-22 11:30:42.518339,1
2018-06-22 11:30:52.528681,1
2018-06-22 11:31:02.539022,1
2018-06-22 11:31:12.549359,1
2018-06-22 11:31:22.559702,1
2018-06-22 11:31:32.570046,1
2018-06-22 11:31:42.580392,1
2018-06-22 11:31:52.590744,1
2018-06-22 11:32:02.601141,1
2018-06-22 11:32:12.611496,1
2018-06-22 11:32:22.621843,1
2018-06-22 11:32:32.632185,1
2018-06-22 11:32:42.642525,1
2018-06-22 11:32:52.646630,1
2018-06-22 11:33:02.656969,1
2018-06-22 11:33:12.667308,1
2018-06-22 11:33:22.677636,1
2018-06-22 11:33:32.687960,1
2018-06-22 11:33:42.698288,1
2018-06-22 11:33:52.708613,1
2018-06-22 11:34:02.718943,1
2018-06-22 11:34:12.729272,1
2018-06-22 11:34:22.739597,1
2018-06-22 11:34:32.749930,1
2018-06-22 11:34:42.760267,1
2018-06-22 11:34:52.770605,1
2018-06-22 11:35:02.781013,1
2018-06-22 11:35:12.791335,1
2018-06-22 11:35:22.801663,1
2018-06-22 11:35:32.811994,1
2018-06-22 11:35:42.822318,1
2018-06-22 11:35:52.832646,1
2018-06-22 11:36:02.842982,1
2018-06-22 11:36:12.844676,1
2018-06-22 11:36:22.855021,1
2018-06-22 11:36:32.865361,1
2018-06-22 11:36:42.875708,1
2018-06-22 11:36:52.886053,1
2018-06-22 11:37:02.896403,1
2018-06-22 11:37:12.906736,1
2018-06-22 11:37:22.917072,1
2018-06-22 11:37:32.918425,1
2018-06-22 11:37:42.928765,1
2018-06-22 11:37:52.939113,1
2018-06-22 11:38:02.949455,1
2018-06-22 11:38:12.959796,1
2018-06-22 11:38:22.970140,1
2018-06-22 11:38:32.980481,1
2018-06-22 11:38:42.990863,1
2018-06-22 11:38:53.001216,1
2018-06-22 11:39:03.011562,1
2018-06-22 11:39:13.015543,1
2018-06-22 11:39:23.025895,1
2018-06-22 11:39:33.036242,1
2018-06-22 11:39:43.046587,1
2018-06-22 11:39:53.056927,1
2018-06-22 11:40:03.067274,1
2018-06-22 11:40:13.077619,1
2018-06-22 11:40:23.087960,1
2018-06-22 11:40:33.089034,1
2018-06-22 11:40:43.099379,1
2018-06-22 11:40:53.109718,1
2018-06-22 11:41:03.120053,1
2018-06-22 11:41:13.130349,1
2018-06-22 11:41:23.140692,1
2018-06-22 11:41:33.151125,1
2018-06-22 11:41:43.161479,1
2018-06-22 11:41:53.171822,1
2018-06-22 11:42:03.182172,1
2018-06-22 11:42:13.182906,1
2018-06-22 11:42:23.193462,1
2018-06-22 11:42:33.203811,1
2018-06-22 11:42:43.214174,1
2018-06-22 11:42:53.224507,1
2018-06-22 11:43:03.234844,1
2018-06-22 11:43:13.245190,1
2018-06-22 11:43:23.255523,1
2018-06-22 11:43:33.256923,1
2018-06-22 11:43:43.267270,1
2018-06-22 11:43:53.277603,1
2018-06-22 11:44:03.287938,1
2018-06-22 11:44:13.298275,1
2018-06-22 11:44:23.308608,1
2018-06-22 11:44:33.318954,1
2018-06-22 11:44:43.329301,1
2018-06-22 11:44:53.339638,1
2018-06-22 11:45:03.349970,1
2018-06-22 11:45:13.360311,1
2018-06-22 11:45:23.360905,1
2018-06-22 11:45:33.371241,1
2018-06-22 11:45:43.381589,1
2018-06-22 11:45:53.391924,1
2018-06-22 11:46:03.402268,1
2018-06-22 11:46:13.412615,1
2018-06-22 11:46:23.422943,1
2018-06-22 11:46:33.425183,1
2018-06-22 11:46:43.435529,1
2018-06-22 11:46:53.445866,1
2018-06-22 11:47:03.456202,1
2018-06-22 11:47:13.466532,1
2018-06-22 11:47:23.476856,1
2018-06-22 11:47:33.487188,1
2018-06-22 11:47:43.497519,1
2018-06-22 11:47:53.507855,1
2018-06-22 11:48:03.518188,1
2018-06-22 11:48:13.528517,1
2018-06-22 11:48:23.538845,1
2018-06-22 11:48:33.549169,1
2018-06-22 11:48:43.559504,1
2018-06-22 11:48:53.569858,1
2018-06-22 11:49:03.580201,1
2018-06-22 11:49:13.590552,1
2018-06-22 11:49:23.600978,1
2018-06-22 11:49:33.611334,1
2018-06-22 11:49:43.621694,1
2018-06-22 11:49:53.632049,1
2018-06-22 11:50:03.638122,1
2018-06-22 11:50:13.648466,1
2018-06-22 11:50:23.658810,1
2018-06-22 11:50:33.669154,1
2018-06-22 11:50:43.679494,1
2018-06-22 11:50:53.689833,1
2018-06-22 11:51:03.700182,1
2018-06-22 11:51:13.710532,1
2018-06-22 11:51:23.720959,1
2018-06-22 11:51:33.731311,1
2018-06-22 11:51:43.741670,1
2018-06-22 11:51:53.752026,1
2018-06-22 11:52:03.762380,1
2018-06-22 11:52:13.772737,1
2018-06-22 11:52:23.783094,1
2018-06-22 11:52:33.793444,1
2018-06-22 11:52:43.800907,1
2018-06-22 11:52:53.811263,1
2018-06-22 11:53:03.821624,1
2018-06-22 11:53:13.831988,1
2018-06-22 11:53:23.842339,1
2018-06-22 11:53:33.852673,1
2018-06-22 11:53:43.863016,1
2018-06-22 11:53:53.873356,1
2018-06-22 11:54:03.883699,1
2018-06-22 11:54:13.894045,1
2018-06-22 11:54:23.904383,1
2018-06-22 11:54:33.914718,1
2018-06-22 11:54:43.925059,1
2018-06-22 11:54:53.935391,1
2018-06-22 11:55:03.945729,1
2018-06-22 11:55:13.956079,1
2018-06-22 11:55:23.966423,1
2018-06-22 11:55:33.970400,1
2018-06-22 11:55:43.980752,1
2018-06-22 11:55:53.991159,1
2018-06-22 11:56:04.001517,1
2018-06-22 11:56:14.011873,1
2018-06-22 11:56:24.022230,1
2018-06-22 11:56:34.032584,1
2018-06-22 11:56:44.042940,1
2018-06-22 11:56:54.053297,1
2018-06-22 11:57:04.063653,1
2018-06-22 11:57:14.074006,1
2018-06-22 11:57:24.084354,1
2018-06-22 11:57:34.094710,1
2018-06-22 11:57:44.105055,1
2018-06-22 11:57:54.115391,1
2018-06-22 11:58:04.125736,1
2018-06-22 11:58:14.136080,1
2018-06-22 11:58:24.146429,1
2018-06-22 11:58:34.156783,1
2018-06-22 11:58:44.167141,1
2018-06-22 11:58:54.177491,1
2018-06-22 11:59:04.187843,1
2018-06-22 11:59:14.198189,1
2018-06-22 11:59:24.208539,1
2018-06-22 11:59:34.218885,1
2018-06-22 11:59:44.229235,1
2018-06-22 11:59:54.239585,1
2018-06-22 12:00:04.249916,1
2018-06-22 12:00:14.260212,1
2018-06-22 12:00:24.270559,1
2018-06-22 12:00:34.276298,1
2018-06-22 12:00:44.286648,1
2018-06-22 12:00:54.296992,1
2018-06-22 12:01:04.307324,1
2018-06-22 12:01:14.310946,1
2018-06-22 12:01:24.321295,1
2018-06-22 12:01:34.331651,1
2018-06-22 12:01:44.342004,1
2018-06-22 12:01:54.352348,1
2018-06-22 12:02:04.360911,1
2018-06-22 12:02:14.371273,1
2018-06-22 12:02:24.380886,1
2018-06-22 12:02:34.390889,1
2018-06-22 12:02:44.400892,1
2018-06-22 12:02:54.410882,1
2018-06-22 12:03:04.420911,1
2018-06-22 12:03:14.430892,1
2018-06-22 12:03:24.431589,1
2018-06-22 12:03:34.441931,1
2018-06-22 12:03:44.452273,1
2018-06-22 12:03:54.462612,1
2018-06-22 12:04:04.472954,1
2018-06-22 12:04:14.483293,1
2018-06-22 12:04:24.493637,1
2018-06-22 12:04:34.503977,1
2018-06-22 12:04:44.514322,1
2018-06-22 12:04:54.524665,1
2018-06-22 12:05:04.535001,1
2018-06-22 12:05:14.545549,1
2018-06-22 12:05:24.555900,1
2018-06-22 12:05:34.566236,1
2018-06-22 12:05:44.576573,1
2018-06-22 12:05:54.586913,1
2018-06-22 12:06:04.597246,1
2018-06-22 12:06:14.607588,1
2018-06-22 12:06:24.617927,1
2018-06-22 12:06:34.628253,1
2018-06-22 12:06:44.638583,1
2018-06-22 12:06:54.648925,1
2018-06-22 12:07:04.659256,1
2018-06-22 12:07:14.669591,1
2018-06-22 12:07:24.679938,1
2018-06-22 12:07:34.690270,1
2018-06-22 12:07:44.700606,1
2018-06-22 12:07:54.711019,1
2018-06-22 12:08:04.721360,1
2018-06-22 12:08:14.731704,1
2018-06-22 12:08:24.742053,1
2018-06-22 12:08:34.752397,1
2018-06-22 12:08:44.762746,1
2018-06-22 12:08:54.773091,1
2018-06-22 12:09:04.783441,1
2018-06-22 12:09:14.793792,1
2018-06-22 12:09:24.804142,1
2018-06-22 12:09:34.814489,1
2018-06-22 12:09:44.824838,1
2018-06-22 12:09:54.835186,1
2018-06-22 12:10:04.845531,1
2018-06-22 12:10:14.855878,1
2018-06-22 12:10:24.866232,1
2018-06-22 12:10:34.876584,1
2018-06-22 12:10:44.886932,1
2018-06-22 12:10:54.897268,1
2018-06-22 12:11:04.907606,1
2018-06-22 12:11:14.917940,1
2018-06-22 12:11:24.928274,1
2018-06-22 12:11:34.938620,1
2018-06-22 12:11:44.948961,1
2018-06-22 12:11:54.959304,1
2018-06-22 12:12:04.969648,1
2018-06-22 12:12:14.979991,1
2018-06-22 12:12:24.990341,1
2018-06-22 12:12:35.000686,1
2018-06-22 12:12:45.011088,1
2018-06-22 12:12:55.021436,1
2018-06-22 12:13:05.031786,1
2018-06-22 12:13:15.042130,1
2018-06-22 12:13:25.052471,1
2018-06-22 12:13:35.062830,1
2018-06-22 12:13:45.070882,1
2018-06-22 12:13:55.081228,1
2018-06-22 12:14:05.091573,1
2018-06-22 12:14:15.101910,1
2018-06-22 12:14:25.112246,1
2018-06-22 12:14:35.122601,1
2018-06-22 12:14:45.132956,1
2018-06-22 12:14:55.143306,1
2018-06-22 12:15:05.153652,1
2018-06-22 12:15:15.163995,1
2018-06-22 12:15:25.174338,1
2018-06-22 12:15:35.184678,1
2018-06-22 12:15:45.195037,1
2018-06-22 12:15:55.205387,1
2018-06-22 12:16:05.215734,1
2018-06-22 12:16:15.226088,1
2018-06-22 12:16:25.236433,1
2018-06-22 12:16:35.246763,1
2018-06-22 12:16:45.257103,1
2018-06-22 12:16:55.267441,1
2018-06-22 12:17:05.277788,1
2018-06-22 12:17:15.288150,1
2018-06-22 12:17:25.298496,1
2018-06-22 12:17:35.308847,1
2018-06-22 12:17:45.319197,1
2018-06-22 12:17:55.329541,1
2018-06-22 12:18:05.339885,1
2018-06-22 12:18:15.350227,1
2018-06-22 12:18:25.360568,1
2018-06-22 12:18:35.370995,1
2018-06-22 12:18:45.381354,1
2018-06-22 12:18:55.391706,1
2018-06-22 12:19:05.402070,1
2018-06-22 12:19:15.412432,1
2018-06-22 12:19:25.422778,1
2018-06-22 12:19:35.433130,1
2018-06-22 12:19:45.443479,1
2018-06-22 12:19:55.453846,1
2018-06-22 12:20:05.464206,1
2018-06-22 12:20:15.474554,1
2018-06-22 12:20:25.484901,1
2018-06-22 12:20:35.495244,1
2018-06-22 12:20:45.505592,1
2018-06-22 12:20:55.515943,1
2018-06-22 12:21:05.526298,1
2018-06-22 12:21:15.536650,1
2018-06-22 12:21:25.546998,1
2018-06-22 12:21:35.557333,1
2018-06-22 12:21:45.567672,1
2018-06-22 12:21:55.578019,1
2018-06-22 12:22:05.588358,1
2018-06-22 12:22:15.598699,1
2018-06-22 12:22:25.609041,1
2018-06-22 12:22:35.619381,1
2018-06-22 12:22:45.629727,1
2018-06-22 12:22:55.640074,1
2018-06-22 12:23:05.650424,1
2018-06-22 12:23:15.660823,1
2018-06-22 12:23:25.671164,1
2018-06-22 12:23:35.681520,1
2018-06-22 12:23:45.691865,1
2018-06-22 12:23:55.702215,1
2018-06-22 12:24:05.712568,1
2018-06-22 12:24:15.722919,1
2018-06-22 12:24:25.733271,1
2018-06-22 12:24:35.743625,1
2018-06-22 12:24:45.753982,1
2018-06-22 12:24:55.764333,1
2018-06-22 12:25:05.774683,1
2018-06-22 12:25:15.785032,1
2018-06-22 12:25:25.790901,1
2018-06-22 12:25:35.801256,1
2018-06-22 12:25:45.811611,1
2018-06-22 12:25:55.821954,1
2018-06-22 12:26:05.832307,1
2018-06-22 12:26:15.842663,1
2018-06-22 12:26:25.853021,1
2018-06-22 12:26:35.863362,1
2018-06-22 12:26:45.873719,1
2018-06-22 12:26:55.884064,1
2018-06-22 12:27:05.894411,1
2018-06-22 12:27:15.904752,1
2018-06-22 12:27:25.915094,1
2018-06-22 12:27:35.925434,1
2018-06-22 12:27:45.935788,1
2018-06-22 12:27:55.946339,1
2018-06-22 12:28:05.956696,1
2018-06-22 12:28:15.967040,1
2018-06-22 12:28:25.977394,1
2018-06-22 12:28:35.987741,1
2018-06-22 12:28:45.998081,1
2018-06-22 12:28:56.008425,1
2018-06-22 12:29:06.018769,1
2018-06-22 12:29:16.029116,1
2018-06-22 12:29:26.039464,1
2018-06-22 12:29:36.049809,1
2018-06-22 12:29:46.060151,1
2018-06-22 12:29:56.070496,1
2018-06-22 12:30:06.080846,1
2018-06-22 12:30:16.091197,1
2018-06-22 12:30:26.101551,1
2018-06-22 12:30:36.111895,1
2018-06-22 12:30:46.122243,1
2018-06-22 12:30:56.132587,1
2018-06-22 12:31:06.142943,1
2018-06-22 12:31:16.153298,1
2018-06-22 12:31:26.163648,1
2018-06-22 12:31:36.173990,1
2018-06-22 12:31:46.184341,1
2018-06-22 12:31:56.194683,1
2018-06-22 12:32:06.205029,1
2018-06-22 12:32:16.215377,1
2018-06-22 12:32:26.225724,1
2018-06-22 12:32:36.236051,1
2018-06-22 12:32:46.246401,1
2018-06-22 12:32:56.256756,1
2018-06-22 12:33:06.267107,1
2018-06-22 12:33:16.277457,1
2018-06-22 12:33:26.287807,1
2018-06-22 12:33:36.298154,1
2018-06-22 12:33:46.308505,1
2018-06-22 12:33:56.318854,1
2018-06-22 12:34:06.329199,1
2018-06-22 12:34:16.339544,1
2018-06-22 12:34:26.349890,1
2018-06-22 12:34:36.360238,1
2018-06-22 12:34:46.360916,1
2018-06-22 12:34:56.371257,1
2018-06-22 12:35:06.381610,1
2018-06-22 12:35:16.391960,1
2018-06-22 12:35:26.402308,1
2018-06-22 12:35:36.412661,1
2018-06-22 12:35:46.423004,1
2018-06-22 12:35:56.433346,1
2018-06-22 12:36:06.443700,1
2018-06-22 12:36:16.454039,1
2018-06-22 12:36:26.464370,1
2018-06-22 12:36:36.474709,1
2018-06-22 12:36:46.485044,1
2018-06-22 12:36:56.495383,1
2018-06-22 12:37:06.505721,1
2018-06-22 12:37:16.516055,1
2018-06-22 12:37:26.526390,1
2018-06-22 12:37:36.536731,1
2018-06-22 12:37:46.547069,1
2018-06-22 12:37:56.557410,1
2018-06-22 12:38:06.567748,1
2018-06-22 12:38:16.578082,1
2018-06-22 12:38:26.588414,1
2018-06-22 12:38:36.589147,1
2018-06-22 12:38:46.599485,1
2018-06-22 12:38:56.609820,1
2018-06-22 12:39:06.620164,1
2018-06-22 12:39:16.630512,1
2018-06-22 12:39:26.640846,1
2018-06-22 12:39:36.651194,1
2018-06-22 12:39:46.661584,1
2018-06-22 12:39:56.671933,1
2018-06-22 12:40:06.682287,1
2018-06-22 12:40:16.692632,1
2018-06-22 12:40:26.702987,1
2018-06-22 12:40:36.713345,1
2018-06-22 12:40:46.723690,1
2018-06-22 12:40:56.734033,1
2018-06-22 12:41:06.744384,1
2018-06-22 12:41:16.754725,1
2018-06-22 12:41:26.765072,1
2018-06-22 12:41:36.775418,1
2018-06-22 12:41:46.785758,1
2018-06-22 12:41:56.796095,1
2018-06-22 12:42:06.806441,1
2018-06-22 12:42:16.816785,1
2018-06-22 12:42:26.827139,1
2018-06-22 12:42:36.837486,1
2018-06-22 12:42:46.847837,1
2018-06-22 12:42:56.858185,1
2018-06-22 12:43:06.868532,1
2018-06-22 12:43:16.878869,1
2018-06-22 12:43:26.889221,1
2018-06-22 12:43:36.899557,1
2018-06-22 12:43:46.909884,1
2018-06-22 12:43:56.920224,1
2018-06-22 12:44:06.930566,1
2018-06-22 12:44:16.940993,1
2018-06-22 12:44:26.951344,1
2018-06-22 12:44:36.961692,1
2018-06-22 12:44:46.972038,1
2018-06-22 12:44:56.982386,1
2018-06-22 12:45:06.992740,1
2018-06-22 12:45:17.003085,1
2018-06-22 12:45:27.013437,1
2018-06-22 12:45:37.023792,1
2018-06-22 12:45:47.034147,1
2018-06-22 12:45:57.044502,1
2018-06-22 12:46:07.054858,1
2018-06-22 12:46:17.065209,1
2018-06-22 12:46:27.075560,1
2018-06-22 12:46:37.085910,1
2018-06-22 12:46:47.096257,1
2018-06-22 12:46:57.106601,1
2018-06-22 12:47:07.116961,1
2018-06-22 12:47:17.127317,1
2018-06-22 12:47:27.137670,1
2018-06-22 12:47:37.148018,1
2018-06-22 12:47:47.158358,1
2018-06-22 12:47:57.168694,1
2018-06-22 12:48:07.179035,1
2018-06-22 12:48:17.189373,1
2018-06-22 12:48:27.199717,1
2018-06-22 12:48:37.210062,1
2018-06-22 12:48:47.220407,1
2018-06-22 12:48:57.230754,1
2018-06-22 12:49:07.241181,1
2018-06-22 12:49:17.251527,1
2018-06-22 12:49:27.261872,1
2018-06-22 12:49:37.272215,1
2018-06-22 12:49:47.282565,1
2018-06-22 12:49:57.292906,1
2018-06-22 12:50:07.303250,1
2018-06-22 12:50:17.313589,1
2018-06-22 12:50:27.323933,1
2018-06-22 12:50:37.334274,1
2018-06-22 12:50:47.344826,1
2018-06-22 12:50:57.355179,1
2018-06-22 12:51:07.360892,1
2018-06-22 12:51:17.371246,1
2018-06-22 12:51:27.381601,1
2018-06-22 12:51:37.391963,1
2018-06-22 12:51:47.402323,1
2018-06-22 12:51:57.412670,1
2018-06-22 12:52:07.423016,1
2018-06-22 12:52:17.433356,1
2018-06-22 12:52:27.443707,1
2018-06-22 12:52:37.454060,1
2018-06-22 12:52:47.464408,1
2018-06-22 12:52:57.474760,1
2018-06-22 12:53:07.485115,1
2018-06-22 12:53:17.495467,1
2018-06-22 12:53:27.505815,1
2018-06-22 12:53:37.516162,1
2018-06-22 12:53:47.526508,1
2018-06-22 12:53:57.536856,1
2018-06-22 12:54:07.547200,1
2018-06-22 12:54:17.557562,1
2018-06-22 12:54:27.567892,1
2018-06-22 12:54:37.578244,1
2018-06-22 12:54:47.588593,1
2018-06-22 12:54:57.598937,1
2018-06-22 12:55:07.609282,1
2018-06-22 12:55:17.619626,1
2018-06-22 12:55:27.629970,1
2018-06-22 12:55:37.640323,1
2018-06-22 12:55:47.650679,1
2018-06-22 12:55:57.651351,1
2018-06-22 12:56:07.661713,1
2018-06-22 12:56:17.672060,1
2018-06-22 12:56:27.682402,1
2018-06-22 12:56:37.692754,1
2018-06-22 12:56:47.703116,1
2018-06-22 12:56:57.713463,1
2018-06-22 12:57:07.723808,1
2018-06-22 12:57:17.734154,1
2018-06-22 12:57:27.744498,1
2018-06-22 12:57:37.754829,1
2018-06-22 12:57:47.760917,1
2018-06-22 12:57:57.771282,1
2018-06-22 12:58:07.781615,1
2018-06-22 12:58:17.791955,1
2018-06-22 12:58:27.802303,1
2018-06-22 12:58:37.812644,1
2018-06-22 12:58:47.822981,1
2018-06-22 12:58:57.833331,1
2018-06-22 12:59:07.843661,1
2018-06-22 12:59:17.854003,1
2018-06-22 12:59:27.864343,1
2018-06-22 12:59:37.874669,1
2018-06-22 12:59:47.885015,1
2018-06-22 12:59:57.895360,1
2018-06-22 13:00:07.905700,1
2018-06-22 13:00:17.916049,1
2018-06-22 13:00:27.926396,1
2018-06-22 13:00:37.936733,1
2018-06-22 13:00:47.947076,1
2018-06-22 13:00:57.957432,1
2018-06-22 13:01:07.967773,1
2018-06-22 13:01:17.978113,1
2018-06-22 13:01:27.988457,1
2018-06-22 13:01:37.998799,1
2018-06-22 13:01:48.009144,1
2018-06-22 13:01:58.019493,1
2018-06-22 13:02:08.029831,1
2018-06-22 13:02:18.040166,1
2018-06-22 13:02:28.050514,1
2018-06-22 13:02:38.060859,1
2018-06-22 13:02:48.071208,1
2018-06-22 13:02:58.081560,1
2018-06-22 13:03:08.091901,1
2018-06-22 13:03:18.102243,1
2018-06-22 13:03:28.112581,1
2018-06-22 13:03:38.122921,1
2018-06-22 13:03:48.133255,1
2018-06-22 13:03:58.143600,1
2018-06-22 13:04:08.153940,1
2018-06-22 13:04:18.164279,1
2018-06-22 13:04:28.174617,1
2018-06-22 13:04:38.184957,1
2018-06-22 13:04:48.195315,1
2018-06-22 13:04:58.205674,1
2018-06-22 13:05:08.216033,1
2018-06-22 13:05:18.220947,1
2018-06-22 13:05:28.231292,1
2018-06-22 13:05:38.241643,1
2018-06-22 13:05:48.251998,1
2018-06-22 13:05:58.262362,1
2018-06-22 13:06:08.272714,1
2018-06-22 13:06:18.283065,1
2018-06-22 13:06:28.293419,1
2018-06-22 13:06:38.303774,1
2018-06-22 13:06:48.314136,1
2018-06-22 13:06:58.324490,1
2018-06-22 13:07:08.334840,1
2018-06-22 13:07:18.345205,1
2018-06-22 13:07:28.355555,1
2018-06-22 13:07:38.360912,1
2018-06-22 13:07:48.371262,1
2018-06-22 13:07:58.381616,1
2018-06-22 13:08:08.391970,1
2018-06-22 13:08:18.402337,1
2018-06-22 13:08:28.412668,1
2018-06-22 13:08:38.423004,1
2018-06-22 13:08:48.433349,1
2018-06-22 13:08:58.443686,1
2018-06-22 13:09:08.454032,1
2018-06-22 13:09:18.464361,1
2018-06-22 13:09:28.474698,1
2018-06-22 13:09:38.485036,1
2018-06-22 13:09:48.495376,1
2018-06-22 13:09:58.505713,1
2018-06-22 13:10:08.516055,1
2018-06-22 13:10:18.526392,1
2018-06-22 13:10:28.536737,1
2018-06-22 13:10:38.547079,1
2018-06-22 13:10:48.557419,1
2018-06-22 13:10:58.567757,1
2018-06-22 13:11:08.578095,1
2018-06-22 13:11:18.588429,1
2018-06-22 13:11:28.598771,1
2018-06-22 13:11:38.609109,1
2018-06-22 13:11:48.619446,1
2018-06-22 13:11:58.629783,1
2018-06-22 13:12:08.640119,1
2018-06-22 13:12:18.650457,1
2018-06-22 13:12:28.651350,1
2018-06-22 13:12:38.661694,1
2018-06-22 13:12:48.672032,1
2018-06-22 13:12:58.682383,1
2018-06-22 13:13:08.692725,1
2018-06-22 13:13:18.703072,1
2018-06-22 13:13:28.713628,1
2018-06-22 13:13:38.723967,1
2018-06-22 13:13:48.734305,1
2018-06-22 13:13:58.744639,1
2018-06-22 13:14:08.754986,1
2018-06-22 13:14:18.760904,1
2018-06-22 13:14:28.771247,1
2018-06-22 13:14:38.781590,1
2018-06-22 13:14:48.791933,1
2018-06-22 13:14:58.802272,1
2018-06-22 13:15:08.812613,1
2018-06-22 13:15:18.822956,1
2018-06-22 13:15:28.833292,1
2018-06-22 13:15:38.843626,1
2018-06-22 13:15:48.853955,1
2018-06-22 13:15:58.864304,1
2018-06-22 13:16:08.874659,1
2018-06-22 13:16:18.884989,1
2018-06-22 13:16:28.895323,1
2018-06-22 13:16:38.905660,1
2018-06-22 13:16:48.916011,1
2018-06-22 13:16:58.926354,1
2018-06-22 13:17:08.936703,1
2018-06-22 13:17:18.947053,1
2018-06-22 13:17:28.957400,1
2018-06-22 13:17:38.967749,1
2018-06-22 13:17:48.978095,1
2018-06-22 13:17:58.988439,1
2018-06-22 13:18:08.998785,1
2018-06-22 13:18:19.009130,1
2018-06-22 13:18:29.019478,1
2018-06-22 13:18:39.029827,1
2018-06-22 13:18:49.040184,1
2018-06-22 13:18:59.050533,1
2018-06-22 13:19:09.060934,1
2018-06-22 13:19:19.071305,1
2018-06-22 13:19:29.081663,1
2018-06-22 13:19:39.092013,1
2018-06-22 13:19:49.102361,1
2018-06-22 13:19:59.112707,1
2018-06-22 13:20:09.123062,1
2018-06-22 13:20:19.133417,1
2018-06-22 13:20:29.143765,1
2018-06-22 13:20:39.154108,1
2018-06-22 13:20:49.164453,1
2018-06-22 13:20:59.174802,1
2018-06-22 13:21:09.185158,1
2018-06-22 13:21:19.195518,1
2018-06-22 13:21:29.205875,1
2018-06-22 13:21:39.216232,1
2018-06-22 13:21:49.226587,1
2018-06-22 13:21:59.236935,1
2018-06-22 13:22:09.247285,1
2018-06-22 13:22:19.257637,1
2018-06-22 13:22:29.267986,1
2018-06-22 13:22:39.278334,1
2018-06-22 13:22:49.288692,1
2018-06-22 13:22:59.299041,1
2018-06-22 13:23:09.309384,1
2018-06-22 13:23:19.319727,1
2018-06-22 13:23:29.330074,1
2018-06-22 13:23:39.340426,1
2018-06-22 13:23:49.350747,1
2018-06-22 13:23:59.360906,1
2018-06-22 13:24:09.371262,1
2018-06-22 13:24:19.381611,1
2018-06-22 13:24:29.391967,1
2018-06-22 13:24:39.402322,1
2018-06-22 13:24:49.412676,1
2018-06-22 13:24:59.423017,1
2018-06-22 13:25:09.433368,1
2018-06-22 13:25:19.443720,1
2018-06-22 13:25:29.454071,1
2018-06-22 13:25:39.464425,1
2018-06-22 13:25:49.474776,1
2018-06-22 13:25:59.485122,1
2018-06-22 13:26:09.495475,1
2018-06-22 13:26:19.505827,1
2018-06-22 13:26:29.516179,1
2018-06-22 13:26:39.526534,1
2018-06-22 13:26:49.536884,1
2018-06-22 13:26:59.547236,1
2018-06-22 13:27:09.557582,1
2018-06-22 13:27:19.567927,1
2018-06-22 13:27:29.578277,1
2018-06-22 13:27:39.588621,1
2018-06-22 13:27:49.598967,1
2018-06-22 13:27:59.609319,1
2018-06-22 13:28:09.619672,1
2018-06-22 13:28:19.630021,1
2018-06-22 13:28:29.640370,1
2018-06-22 13:28:39.640878,1
2018-06-22 13:28:49.651224,1
2018-06-22 13:28:59.661608,1
2018-06-22 13:29:09.671965,1
2018-06-22 13:29:19.682336,1
2018-06-22 13:29:29.692687,1
2018-06-22 13:29:39.703023,1
2018-06-22 13:29:49.713365,1
2018-06-22 13:29:59.723697,1
2018-06-22 13:30:09.734040,1
2018-06-22 13:30:19.744385,1
2018-06-22 13:30:29.754741,1
2018-06-22 13:30:39.765093,1
2018-06-22 13:30:49.775438,1
2018-06-22 13:30:59.785781,1
2018-06-22 13:31:09.796125,1
2018-06-22 13:31:19.806468,1
2018-06-22 13:31:29.816810,1
2018-06-22 13:31:39.827150,1
2018-06-22 13:31:49.837491,1
2018-06-22 13:31:59.847842,1
2018-06-22 13:32:09.858186,1
2018-06-22 13:32:19.868528,1
2018-06-22 13:32:29.878871,1
2018-06-22 13:32:39.889212,1
2018-06-22 13:32:49.899555,1
2018-06-22 13:32:59.909908,1
2018-06-22 13:33:09.920258,1
2018-06-22 13:33:19.930599,1
2018-06-22 13:33:29.941022,1
2018-06-22 13:33:39.951380,1
2018-06-22 13:33:49.961733,1
2018-06-22 13:33:59.972087,1
2018-06-22 13:34:09.982444,1
2018-06-22 13:34:19.992799,1
2018-06-22 13:34:30.003151,1
2018-06-22 13:34:40.013505,1
2018-06-22 13:34:50.023849,1
2018-06-22 13:35:00.034196,1
2018-06-22 13:35:10.044545,1
2018-06-22 13:35:20.054896,1
2018-06-22 13:35:30.065249,1
2018-06-22 13:35:40.075603,1
2018-06-22 13:35:50.085949,1
2018-06-22 13:36:00.096297,1
2018-06-22 13:36:10.106648,1
2018-06-22 13:36:20.117197,1
2018-06-22 13:36:30.127541,1
2018-06-22 13:36:40.129947,1
2018-06-22 13:36:50.140292,1
2018-06-22 13:37:00.150637,1
2018-06-22 13:37:10.161084,1
2018-06-22 13:37:20.171424,1
2018-06-22 13:37:30.181781,1
2018-06-22 13:37:40.192126,1
2018-06-22 13:37:50.202485,1
2018-06-22 13:38:00.212838,1
2018-06-22 13:38:10.223193,1
2018-06-22 13:38:20.233533,1
2018-06-22 13:38:30.243878,1
2018-06-22 13:38:40.254224,1
2018-06-22 13:38:50.264573,1
2018-06-22 13:39:00.274918,1
2018-06-22 13:39:10.285265,1
2018-06-22 13:39:20.295608,1
2018-06-22 13:39:30.305960,1
2018-06-22 13:39:40.316312,1
2018-06-22 13:39:50.318566,1
2018-06-22 13:40:00.328910,1
2018-06-22 13:40:10.339256,1
2018-06-22 13:40:20.349598,1
2018-06-22 13:40:30.359944,1
2018-06-22 13:40:40.360905,1
2018-06-22 13:40:50.371258,1
2018-06-22 13:41:00.381607,1
2018-06-22 13:41:10.391958,1
2018-06-22 13:41:20.402308,1
2018-06-22 13:41:30.412662,1
2018-06-22 13:41:40.423004,1
2018-06-22 13:41:50.433352,1
2018-06-22 13:42:00.443697,1
2018-06-22 13:42:10.454049,1
2018-06-22 13:42:20.464389,1
2018-06-22 13:42:30.474734,1
2018-06-22 13:42:40.485073,1
2018-06-22 13:42:50.488153,1
2018-06-22 13:43:00.498495,1
2018-06-22 13:43:10.508841,1
2018-06-22 13:43:20.519188,1
2018-06-22 13:43:30.529535,1
2018-06-22 13:43:40.539877,1
2018-06-22 13:43:50.550218,1
2018-06-22 13:44:00.560559,1
2018-06-22 13:44:10.570978,1
2018-06-22 13:44:20.581327,1
2018-06-22 13:44:30.591679,1
2018-06-22 13:44:40.602035,1
2018-06-22 13:44:50.612380,1
2018-06-22 13:45:00.622731,1
2018-06-22 13:45:10.633083,1
2018-06-22 13:45:20.643435,1
2018-06-22 13:45:30.651451,1
2018-06-22 13:45:40.661800,1
2018-06-22 13:45:50.672135,1
2018-06-22 13:46:00.682482,1
2018-06-22 13:46:10.684870,1
2018-06-22 13:46:20.695215,1
2018-06-22 13:46:30.705557,1
2018-06-22 13:46:40.715907,1
2018-06-22 13:46:50.726253,1
2018-06-22 13:47:00.736594,1
2018-06-22 13:47:10.746940,1
2018-06-22 13:47:20.757280,1
2018-06-22 13:47:30.767625,1
2018-06-22 13:47:40.777975,1
2018-06-22 13:47:50.788325,1
2018-06-22 13:48:00.798674,1
2018-06-22 13:48:10.809023,1
2018-06-22 13:48:20.819370,1
2018-06-22 13:48:30.829715,1
2018-06-22 13:48:40.840061,1
2018-06-22 13:48:50.850408,1
2018-06-22 13:49:00.860755,1
2018-06-22 13:49:10.871182,1
2018-06-22 13:49:20.881526,1
2018-06-22 13:49:30.883628,1
2018-06-22 13:49:40.893975,1
2018-06-22 13:49:50.904323,1
2018-06-22 13:50:00.914663,1
2018-06-22 13:50:10.925016,1
2018-06-22 13:50:20.935352,1
2018-06-22 13:50:30.945684,1
2018-06-22 13:50:40.956015,1
2018-06-22 13:50:50.966348,1
2018-06-22 13:51:00.976682,1
2018-06-22 13:51:10.987023,1
2018-06-22 13:51:20.997356,1
2018-06-22 13:51:31.007689,1
2018-06-22 13:51:41.018020,1
2018-06-22 13:51:51.028352,1
2018-06-22 13:52:01.038696,1
2018-06-22 13:52:11.049033,1
2018-06-22 13:52:21.059363,1
2018-06-22 13:52:31.069692,1
2018-06-22 13:52:41.080028,1
2018-06-22 13:52:51.080412,1
2018-06-22 13:53:01.090747,1
2018-06-22 13:53:11.101162,1
2018-06-22 13:53:21.111500,1
2018-06-22 13:53:31.121842,1
2018-06-22 13:53:41.132177,1
2018-06-22 13:53:51.142516,1
2018-06-22 13:54:01.152853,1
2018-06-22 13:54:11.163189,1
2018-06-22 13:54:21.173521,1
2018-06-22 13:54:31.183859,1
2018-06-22 13:54:41.194190,1
2018-06-22 13:54:51.204523,1
2018-06-22 13:55:01.214871,1
2018-06-22 13:55:11.225221,1
2018-06-22 13:55:21.235553,1
2018-06-22 13:55:31.245893,1
2018-06-22 13:55:41.256229,1
2018-06-22 13:55:51.266560,1
2018-06-22 13:56:01.276903,1
2018-06-22 13:56:11.287239,1
2018-06-22 13:56:21.287900,1
2018-06-22 13:56:31.298242,1
2018-06-22 13:56:41.308575,1
2018-06-22 13:56:51.318914,1
2018-06-22 13:57:01.329257,1
2018-06-22 13:57:11.339596,1
2018-06-22 13:57:21.349938,1
2018-06-22 13:57:31.360280,1
2018-06-22 13:57:41.360908,1
2018-06-22 13:57:51.371257,1
2018-06-22 13:58:01.381612,1
2018-06-22 13:58:11.391959,1
2018-06-22 13:58:21.402313,1
2018-06-22 13:58:31.412668,1
2018-06-22 13:58:41.423016,1
2018-06-22 13:58:51.433365,1
2018-06-22 13:59:01.443930,1
2018-06-22 13:59:11.454273,1
2018-06-22 13:59:21.458979,1
2018-06-22 13:59:31.469326,1
2018-06-22 13:59:41.479684,1
2018-06-22 13:59:51.490035,1
2018-06-22 14:00:01.500385,1
2018-06-22 14:00:11.510741,1
2018-06-22 14:00:21.521129,1
2018-06-22 14:00:31.531474,1
2018-06-22 14:00:41.541825,1
2018-06-22 14:00:51.552169,1
2018-06-22 14:01:01.562497,1
2018-06-22 14:01:11.572828,1
2018-06-22 14:01:21.583157,1
2018-06-22 14:01:31.593485,1
2018-06-22 14:01:41.603823,1
2018-06-22 14:01:51.614157,1
2018-06-22 14:02:01.624503,1
2018-06-22 14:02:11.634823,1
2018-06-22 14:02:21.645164,1
2018-06-22 14:02:31.651442,1
2018-06-22 14:02:41.658828,1
2018-06-22 14:02:51.660942,1
2018-06-22 14:03:01.671265,1
2018-06-22 14:03:11.681615,1
2018-06-22 14:03:21.691957,1
2018-06-22 14:03:31.702307,1
2018-06-22 14:03:41.712657,1
2018-06-22 14:03:51.723003,1
2018-06-22 14:04:01.733352,1
2018-06-22 14:04:11.743703,1
2018-06-22 14:04:21.754052,1
2018-06-22 14:04:31.764397,1
2018-06-22 14:04:41.774739,1
2018-06-22 14:04:51.785088,1
2018-06-22 14:05:01.795421,1
2018-06-22 14:05:11.805760,1
2018-06-22 14:05:21.816101,1
2018-06-22 14:05:31.826448,1
2018-06-22 14:05:41.836796,1
2018-06-22 14:05:51.838390,1
2018-06-22 14:06:01.848732,1
2018-06-22 14:06:11.859075,1
2018-06-22 14:06:21.869418,1
2018-06-22 14:06:31.879766,1
2018-06-22 14:06:41.890111,1
2018-06-22 14:06:51.900439,1
2018-06-22 14:07:01.910769,1
2018-06-22 14:07:11.921184,1
2018-06-22 14:07:21.931538,1
2018-06-22 14:07:31.941870,1
2018-06-22 14:07:41.952230,1
2018-06-22 14:07:51.962586,1
2018-06-22 14:08:01.972939,1
2018-06-22 14:08:11.983281,1
2018-06-22 14:08:21.993640,1
2018-06-22 14:08:32.003987,1
2018-06-22 14:08:42.014337,1
2018-06-22 14:08:52.024682,1
2018-06-22 14:09:02.035027,1
2018-06-22 14:09:12.039657,1
2018-06-22 14:09:22.050006,1
2018-06-22 14:09:32.060355,1
2018-06-22 14:09:42.070708,1
2018-06-22 14:09:52.081129,1
2018-06-22 14:10:02.091471,1
2018-06-22 14:10:12.101817,1
2018-06-22 14:10:22.112157,1
2018-06-22 14:10:32.122510,1
2018-06-22 14:10:42.132857,1
2018-06-22 14:10:52.143193,1
2018-06-22 14:11:02.153539,1
2018-06-22 14:11:12.163882,1
2018-06-22 14:11:22.174223,1
2018-06-22 14:11:32.184560,1
2018-06-22 14:11:42.194909,1
2018-06-22 14:11:52.205261,1
2018-06-22 14:12:02.215597,1
2018-06-22 14:12:12.225930,1
2018-06-22 14:12:22.236272,1
2018-06-22 14:12:32.240967,1
2018-06-22 14:12:42.251312,1
2018-06-22 14:12:52.261648,1
2018-06-22 14:13:02.271998,1
2018-06-22 14:13:12.282355,1
2018-06-22 14:13:22.292710,1
2018-06-22 14:13:32.303067,1
2018-06-22 14:13:42.313424,1
2018-06-22 14:13:52.323769,1
2018-06-22 14:14:02.334115,1
2018-06-22 14:14:12.344468,1
2018-06-22 14:14:22.354814,1
2018-06-22 14:14:32.360910,1
2018-06-22 14:14:42.371262,1
2018-06-22 14:14:52.381624,1
2018-06-22 14:15:02.391970,1
2018-06-22 14:15:12.402325,1
2018-06-22 14:15:22.412682,1
2018-06-22 14:15:32.423027,1
2018-06-22 14:15:42.433377,1
2018-06-22 14:15:52.443737,1
2018-06-22 14:16:02.454094,1
2018-06-22 14:16:12.464438,1
2018-06-22 14:16:22.474786,1
2018-06-22 14:16:32.485145,1
2018-06-22 14:16:42.495495,1
2018-06-22 14:16:52.505853,1
2018-06-22 14:17:02.516210,1
2018-06-22 14:17:12.526565,1
2018-06-22 14:17:22.536913,1
2018-06-22 14:17:32.547268,1
2018-06-22 14:17:42.557620,1
2018-06-22 14:17:52.567972,1
2018-06-22 14:18:02.578319,1
2018-06-22 14:18:12.588669,1
2018-06-22 14:18:22.599009,1
2018-06-22 14:18:32.609355,1
2018-06-22 14:18:42.619700,1
2018-06-22 14:18:52.630047,1
2018-06-22 14:19:02.640389,1
2018-06-22 14:19:12.650736,1
2018-06-22 14:19:22.653608,1
2018-06-22 14:19:32.663961,1
2018-06-22 14:19:42.674309,1
2018-06-22 14:19:52.684657,1
2018-06-22 14:20:02.694984,1
2018-06-22 14:20:12.705293,1
2018-06-22 14:20:22.715640,1
2018-06-22 14:20:32.725979,1
2018-06-22 14:20:42.736325,1
2018-06-22 14:20:52.746674,1
2018-06-22 14:21:02.757008,1
2018-06-22 14:21:12.767339,1
2018-06-22 14:21:22.777679,1
2018-06-22 14:21:32.788021,1
2018-06-22 14:21:42.798373,1
2018-06-22 14:21:52.808914,1
2018-06-22 14:22:02.819250,1
2018-06-22 14:22:12.829591,1
2018-06-22 14:22:22.839927,1
2018-06-22 14:22:32.845916,1
2018-06-22 14:22:42.856269,1
2018-06-22 14:22:52.866613,1
2018-06-22 14:23:02.876954,1
2018-06-22 14:23:12.887292,1
2018-06-22 14:23:22.897626,1
2018-06-22 14:23:32.907963,1
2018-06-22 14:23:42.918292,1
2018-06-22 14:23:52.928619,1
2018-06-22 14:24:02.938950,1
2018-06-22 14:24:12.949280,1
2018-06-22 14:24:22.959617,1
2018-06-22 14:24:32.969961,1
2018-06-22 14:24:42.980303,1
2018-06-22 14:24:52.990627,1
2018-06-22 14:25:03.001030,1
2018-06-22 14:25:13.003514,1
2018-06-22 14:25:23.013851,1
2018-06-22 14:25:33.024184,1
2018-06-22 14:25:43.034517,1
2018-06-22 14:25:53.044851,1
2018-06-22 14:26:03.055178,1
2018-06-22 14:26:13.065509,1
2018-06-22 14:26:23.075850,1
2018-06-22 14:26:33.086186,1
2018-06-22 14:26:43.096524,1
2018-06-22 14:26:53.106852,1
2018-06-22 14:27:03.117183,1
2018-06-22 14:27:13.127512,1
2018-06-22 14:27:23.137849,1
2018-06-22 14:27:33.148184,1
2018-06-22 14:27:43.158515,1
2018-06-22 14:27:53.160342,1
2018-06-22 14:28:03.170675,1
2018-06-22 14:28:13.181071,1
2018-06-22 14:28:23.191418,1
2018-06-22 14:28:33.201764,1
2018-06-22 14:28:43.212107,1
2018-06-22 14:28:53.222447,1
2018-06-22 14:29:03.232776,1
2018-06-22 14:29:13.243108,1
2018-06-22 14:29:23.253437,1
2018-06-22 14:29:33.263768,1
2018-06-22 14:29:43.274098,1
2018-06-22 14:29:53.284431,1
2018-06-22 14:30:03.294768,1
2018-06-22 14:30:13.305102,1
2018-06-22 14:30:23.315446,1
2018-06-22 14:30:33.317891,1
2018-06-22 14:30:43.328250,1
2018-06-22 14:30:53.338598,1
2018-06-22 14:31:03.348949,1
2018-06-22 14:31:13.359296,1
2018-06-22 14:31:23.360941,1
2018-06-22 14:31:33.371303,1
2018-06-22 14:31:43.381640,1
2018-06-22 14:31:53.391982,1
2018-06-22 14:32:03.402327,1
2018-06-22 14:32:13.412659,1
2018-06-22 14:32:23.422984,1
2018-06-22 14:32:33.433326,1
2018-06-22 14:32:43.443667,1
2018-06-22 14:32:53.454008,1
2018-06-22 14:33:03.457098,1
2018-06-22 14:33:13.467442,1
2018-06-22 14:33:23.477771,1
2018-06-22 14:33:33.488105,1
2018-06-22 14:33:43.498450,1
2018-06-22 14:33:53.508793,1
2018-06-22 14:34:03.519124,1
2018-06-22 14:34:13.529459,1
2018-06-22 14:34:23.539804,1
2018-06-22 14:34:33.550142,1
2018-06-22 14:34:43.560493,1
2018-06-22 14:34:53.570845,1
2018-06-22 14:35:03.581191,1
2018-06-22 14:35:13.591552,1
2018-06-22 14:35:23.601895,1
2018-06-22 14:35:33.612241,1
2018-06-22 14:35:43.612835,1
2018-06-22 14:35:53.623181,1
2018-06-22 14:36:03.633529,1
2018-06-22 14:36:13.643879,1
2018-06-22 14:36:23.651457,1
2018-06-22 14:36:33.661809,1
2018-06-22 14:36:43.672151,1
2018-06-22 14:36:53.682497,1
2018-06-22 14:37:03.692848,1
2018-06-22 14:37:13.703204,1
2018-06-22 14:37:23.713548,1
2018-06-22 14:37:33.723894,1
2018-06-22 14:37:43.734241,1
2018-06-22 14:37:53.744586,1
2018-06-22 14:38:03.754930,1
2018-06-22 14:38:13.765275,1
2018-06-22 14:38:23.771111,1
2018-06-22 14:38:33.781457,1
2018-06-22 14:38:43.791762,1
2018-06-22 14:38:53.802127,1
2018-06-22 14:39:03.812487,1
2018-06-22 14:39:13.822840,1
2018-06-22 14:39:23.833189,1
2018-06-22 14:39:33.843538,1
2018-06-22 14:39:43.853895,1
2018-06-22 14:39:53.864247,1
2018-06-22 14:40:03.874579,1
2018-06-22 14:40:13.884890,1
2018-06-22 14:40:23.895236,1
2018-06-22 14:40:33.905583,1
2018-06-22 14:40:43.915939,1
2018-06-22 14:40:53.926270,1
2018-06-22 14:41:03.929410,1
2018-06-22 14:41:13.939760,1
2018-06-22 14:41:23.950110,1
2018-06-22 14:41:33.960466,1
2018-06-22 14:41:43.970893,1
2018-06-22 14:41:53.981247,1
2018-06-22 14:42:03.991583,1
2018-06-22 14:42:14.001918,1
2018-06-22 14:42:24.012264,1
2018-06-22 14:42:34.022600,1
2018-06-22 14:42:44.032946,1
2018-06-22 14:42:54.043291,1
2018-06-22 14:43:04.053631,1
2018-06-22 14:43:14.063977,1
2018-06-22 14:43:24.074315,1
2018-06-22 14:43:34.084655,1
2018-06-22 14:43:44.088321,1
2018-06-22 14:43:54.098657,1
2018-06-22 14:44:04.108994,1
2018-06-22 14:44:14.110899,1
2018-06-22 14:44:24.121253,1
2018-06-22 14:44:34.131579,1
2018-06-22 14:44:44.142113,1
2018-06-22 14:44:54.152449,1
2018-06-22 14:45:04.162792,1
2018-06-22 14:45:14.173141,1
2018-06-22 14:45:24.183495,1
2018-06-22 14:45:34.193852,1
2018-06-22 14:45:44.204202,1
2018-06-22 14:45:54.214557,1
2018-06-22 14:46:04.224904,1
2018-06-22 14:46:14.229320,1
2018-06-22 14:46:24.239668,1
2018-06-22 14:46:34.250020,1
2018-06-22 14:46:44.260368,1
2018-06-22 14:46:54.270716,1
2018-06-22 14:47:04.281148,1
2018-06-22 14:47:14.291495,1
2018-06-22 14:47:24.301848,1
2018-06-22 14:47:34.312197,1
2018-06-22 14:47:44.322547,1
2018-06-22 14:47:54.332904,1
2018-06-22 14:48:04.343260,1
2018-06-22 14:48:14.353608,1
2018-06-22 14:48:24.360907,1
2018-06-22 14:48:34.371266,1
2018-06-22 14:48:44.377073,1
2018-06-22 14:48:54.387423,1
2018-06-22 14:49:04.397770,1
2018-06-22 14:49:14.408123,1
2018-06-22 14:49:24.418471,1
2018-06-22 14:49:34.428819,1
2018-06-22 14:49:44.439166,1
2018-06-22 14:49:54.449521,1
2018-06-22 14:50:04.459872,1
2018-06-22 14:50:14.470220,1
2018-06-22 14:50:24.480553,1
2018-06-22 14:50:34.490966,1
2018-06-22 14:50:44.501320,1
2018-06-22 14:50:54.511666,1
2018-06-22 14:51:04.522007,1
2018-06-22 14:51:14.532353,1
2018-06-22 14:51:24.534351,1
2018-06-22 14:51:34.544701,1
2018-06-22 14:51:44.555050,1
2018-06-22 14:51:54.565393,1
2018-06-22 14:52:04.575731,1
2018-06-22 14:52:14.586070,1
2018-06-22 14:52:24.596406,1
2018-06-22 14:52:34.606747,1
2018-06-22 14:52:44.617082,1
2018-06-22 14:52:54.627416,1
2018-06-22 14:53:04.637749,1
2018-06-22 14:53:14.648089,1
2018-06-22 14:53:24.651449,1
2018-06-22 14:53:34.661798,1
2018-06-22 14:53:44.672130,1
2018-06-22 14:53:54.675004,1
2018-06-22 14:54:04.685349,1
2018-06-22 14:54:14.695691,1
2018-06-22 14:54:24.706047,1
2018-06-22 14:54:34.716388,1
2018-06-22 14:54:44.726722,1
2018-06-22 14:54:54.737064,1
2018-06-22 14:55:04.747408,1
2018-06-22 14:55:14.757746,1
2018-06-22 14:55:24.768088,1
2018-06-22 14:55:34.778448,1
2018-06-22 14:55:44.788783,1
2018-06-22 14:55:54.799121,1
2018-06-22 14:56:04.809463,1
2018-06-22 14:56:14.819799,1
2018-06-22 14:56:24.820901,1
2018-06-22 14:56:34.831231,1
2018-06-22 14:56:44.841567,1
2018-06-22 14:56:54.851929,1
2018-06-22 14:57:04.862281,1
2018-06-22 14:57:14.872637,1
2018-06-22 14:57:24.882984,1
2018-06-22 14:57:34.893341,1
2018-06-22 14:57:44.903699,1
2018-06-22 14:57:54.914057,1
2018-06-22 14:58:04.924395,1
2018-06-22 14:58:14.934747,1
2018-06-22 14:58:24.945091,1
2018-06-22 14:58:34.955437,1
2018-06-22 14:58:44.965786,1
2018-06-22 14:58:54.976136,1
2018-06-22 14:59:04.977431,1
2018-06-22 14:59:14.987785,1
2018-06-22 14:59:24.998135,1
2018-06-22 14:59:35.008484,1
2018-06-22 14:59:45.018831,1
2018-06-22 14:59:55.029183,1
2018-06-22 15:00:05.039532,1
2018-06-22 15:00:15.049878,1
2018-06-22 15:00:25.060219,1
2018-06-22 15:00:35.070562,1
2018-06-22 15:00:45.080974,1
2018-06-22 15:00:55.091326,1
2018-06-22 15:01:05.101674,1
2018-06-22 15:01:15.112021,1
2018-06-22 15:01:25.122361,1
2018-06-22 15:01:35.132708,1
2018-06-22 15:01:45.134755,1
2018-06-22 15:01:55.145139,1
2018-06-22 15:02:05.155483,1
2018-06-22 15:02:15.165834,1
2018-06-22 15:02:25.176172,1
2018-06-22 15:02:35.186510,1
2018-06-22 15:02:45.196846,1
2018-06-22 15:02:55.207193,1
2018-06-22 15:03:05.217536,1
2018-06-22 15:03:15.227874,1
2018-06-22 15:03:25.238212,1
2018-06-22 15:03:35.248548,1
2018-06-22 15:03:45.258886,1
2018-06-22 15:03:55.269228,1
2018-06-22 15:04:05.279562,1
2018-06-22 15:04:15.289894,1
2018-06-22 15:04:25.300230,1
2018-06-22 15:04:35.303004,1
2018-06-22 15:04:45.313351,1
2018-06-22 15:04:55.323692,1
2018-06-22 15:05:05.334031,1
2018-06-22 15:05:15.344367,1
2018-06-22 15:05:25.354708,1
2018-06-22 15:05:35.360896,1
2018-06-22 15:05:45.371241,1
2018-06-22 15:05:55.381589,1
2018-06-22 15:06:05.391928,1
2018-06-22 15:06:15.402284,1
2018-06-22 15:06:25.412615,1
2018-06-22 15:06:35.422956,1
2018-06-22 15:06:45.433302,1
2018-06-22 15:06:55.443639,1
2018-06-22 15:07:05.453974,1
2018-06-22 15:07:15.464310,1
2018-06-22 15:07:25.474858,1
2018-06-22 15:07:35.485199,1
2018-06-22 15:07:45.495542,1
2018-06-22 15:07:55.500222,1
2018-06-22 15:08:05.510561,1
2018-06-22 15:08:15.520967,1
2018-06-22 15:08:25.531313,1
2018-06-22 15:08:35.541661,1
2018-06-22 15:08:45.552006,1
2018-06-22 15:08:55.562351,1
2018-06-22 15:09:05.572690,1
2018-06-22 15:09:15.583026,1
2018-06-22 15:09:25.593376,1
2018-06-22 15:09:35.603718,1
2018-06-22 15:09:45.614061,1
2018-06-22 15:09:55.624403,1
2018-06-22 15:10:05.634750,1
2018-06-22 15:10:15.645091,1
2018-06-22 15:10:25.655441,1
2018-06-22 15:10:35.665791,1
2018-06-22 15:10:45.676137,1
2018-06-22 15:10:55.686487,1
2018-06-22 15:11:05.696827,1
2018-06-22 15:11:15.699547,1
2018-06-22 15:11:25.700903,1
2018-06-22 15:11:35.710899,1
2018-06-22 15:11:45.712337,1
2018-06-22 15:11:55.722675,1
2018-06-22 15:12:05.733010,1
2018-06-22 15:12:15.743349,1
2018-06-22 15:12:25.753688,1
2018-06-22 15:12:35.764018,1
2018-06-22 15:12:45.774349,1
2018-06-22 15:12:55.784681,1
2018-06-22 15:13:05.795015,1
2018-06-22 15:13:15.805345,1
2018-06-22 15:13:25.815674,1
2018-06-22 15:13:35.826001,1
2018-06-22 15:13:45.827551,1
2018-06-22 15:13:55.837879,1
2018-06-22 15:14:05.848206,1
2018-06-22 15:14:15.858532,1
2018-06-22 15:14:25.868857,1
2018-06-22 15:14:35.879183,1
2018-06-22 15:14:45.889509,1
2018-06-22 15:14:55.899837,1
2018-06-22 15:15:05.910164,1
2018-06-22 15:15:15.920489,1
2018-06-22 15:15:25.930865,1
2018-06-22 15:15:35.941197,1
2018-06-22 15:15:45.951545,1
2018-06-22 15:15:55.961878,1
2018-06-22 15:16:05.970900,1
2018-06-22 15:16:15.981253,1
2018-06-22 15:16:25.991600,1
2018-06-22 15:16:36.001939,1
2018-06-22 15:16:46.012279,1
2018-06-22 15:16:56.022613,1
2018-06-22 15:17:06.024206,1
2018-06-22 15:17:16.034556,1
2018-06-22 15:17:26.044889,1
2018-06-22 15:17:36.055221,1
2018-06-22 15:17:46.065562,1
2018-06-22 15:17:56.075892,1
2018-06-22 15:18:06.086219,1
2018-06-22 15:18:16.096547,1
2018-06-22 15:18:26.106875,1
2018-06-22 15:18:36.117204,1
2018-06-22 15:18:46.127533,1
2018-06-22 15:18:56.137860,1
2018-06-22 15:19:06.148188,1
2018-06-22 15:19:16.158514,1
2018-06-22 15:19:26.168844,1
2018-06-22 15:19:36.179181,1
2018-06-22 15:19:46.189509,1
2018-06-22 15:19:56.199833,1
2018-06-22 15:20:06.210172,1
2018-06-22 15:20:16.220506,1
2018-06-22 15:20:26.230838,1
2018-06-22 15:20:36.235544,1
2018-06-22 15:20:46.245881,1
2018-06-22 15:20:56.256231,1
2018-06-22 15:21:06.266580,1
2018-06-22 15:21:16.276930,1
2018-06-22 15:21:26.287271,1
2018-06-22 15:21:36.297614,1
2018-06-22 15:21:46.307953,1
2018-06-22 15:21:56.318294,1
2018-06-22 15:22:06.328643,1
2018-06-22 15:22:16.338985,1
2018-06-22 15:22:26.344851,1
2018-06-22 15:22:36.355201,1
2018-06-22 15:22:46.360888,1
2018-06-22 15:22:56.371243,1
2018-06-22 15:23:06.381594,1
2018-06-22 15:23:16.391942,1
2018-06-22 15:23:26.402292,1
2018-06-22 15:23:36.406146,1
2018-06-22 15:23:46.416491,1
2018-06-22 15:23:56.426841,1
2018-06-22 15:24:06.437187,1
2018-06-22 15:24:16.447527,1
2018-06-22 15:24:26.457879,1
2018-06-22 15:24:36.468225,1
2018-06-22 15:24:46.478563,1
2018-06-22 15:24:56.488905,1
2018-06-22 15:25:06.499249,1
2018-06-22 15:25:16.509594,1
2018-06-22 15:25:26.519943,1
2018-06-22 15:25:36.530278,1
2018-06-22 15:25:46.540619,1
2018-06-22 15:25:56.551051,1
2018-06-22 15:26:06.561400,1
2018-06-22 15:26:16.571749,1
2018-06-22 15:26:26.582097,1
2018-06-22 15:26:36.592430,1
2018-06-22 15:26:46.602772,1
2018-06-22 15:26:56.613108,1
2018-06-22 15:27:06.623447,1
2018-06-22 15:27:16.633787,1
2018-06-22 15:27:26.644115,1
2018-06-22 15:27:36.654450,1
2018-06-22 15:27:46.664791,1
2018-06-22 15:27:56.675136,1
2018-06-22 15:28:06.685486,1
2018-06-22 15:28:16.695829,1
2018-06-22 15:28:26.706169,1
2018-06-22 15:28:36.716506,1
2018-06-22 15:28:46.726841,1
2018-06-22 15:28:56.737181,1
2018-06-22 15:29:06.747530,1
2018-06-22 15:29:16.757877,1
2018-06-22 15:29:26.768217,1
2018-06-22 15:29:36.778558,1
2018-06-22 15:29:46.788900,1
2018-06-22 15:29:56.799250,1
20